0.0,0.9995300721027915,0.00046992789720834356
0.0,0.9996689743427574,0.00033102565724268897
0.0,0.9996174078556267,0.00038259214437336343
0.0,0.9888967511388446,0.011103248861155551
0.0,0.9932312375443969,0.006768762455603121
0.0,0.9547153214601236,0.0452846785398763
0.0,0.9961322222578817,0.0038677777421184632
0.0,0.9339417162024437,0.06605828379755634
0.0,0.9999903462004338,9.653799566182129e-06
0.0,0.9991654889078061,0.000834511092193952
1.0,0.030162367117329024,0.969837632882671
0.0,0.7370546983844533,0.26294530161554663
0.0,0.8747650957075939,0.125234904292406
0.0,0.8342074121141074,0.1657925878858926
0.0,0.9842986165773091,0.015701383422690892
0.0,0.9830545111753,0.01694548882469999
0.0,0.8378966100687049,0.1621033899312951
0.0,0.616148498666394,0.3838515013336062
1.0,1.648924637016788e-08,0.9999999835107536
1.0,0.04235630667029192,0.9576436933297081
0.0,0.8009958476507217,0.19900415234927835
0.0,0.9888610153153606,0.011138984684639376
0.0,0.9994416885831557,0.0005583114168442017
0.0,0.902806507112077,0.09719349288792317
0.0,0.7847404645248399,0.21525953547516016
0.0,0.9978687259473233,0.002131274052676747
1.0,0.3409023058014856,0.6590976941985143
1.0,8.871257627323771e-07,0.9999991128742373
0.0,0.99924157247418,0.0007584275258201222
0.0,0.9837657932471985,0.01623420675280145
0.0,0.9999651318060687,3.486819393112473e-05
0.0,0.9999965934851763,3.4065148236112605e-06
1.0,0.21218090574501372,0.7878190942549862
0.0,0.6889877187735068,0.3110122812264933
0.0,0.9998284430282267,0.00017155697177340874
0.0,0.9999939039826714,6.096017328498239e-06
0.0,0.999998976185043,1.023814957064255e-06
0.0,0.9996877067240154,0.0003122932759845564
0.0,0.9999693156236561,3.06843763438744e-05
0.0,0.9999994718244691,5.281755310587648e-07
0.0,0.9999737045761203,2.6295423879580587e-05
0.0,0.9983896713721905,0.0016103286278095347
0.0,0.9969052336723023,0.0030947663276977085
0.0,0.9999994763439788,5.236560212015289e-07
0.0,0.9997897349298781,0.0002102650701218756
0.0,0.9858318697842874,0.014168130215712654
0.0,0.9999362741818103,6.372581818976737e-05
0.0,0.9888181436467458,0.011181856353254124
1.0,0.03125076978145761,0.9687492302185421
1.0,1.6496391765648218e-08,0.9999999835036082
0.0,0.8082082175403316,0.1917917824596683
1.0,0.33472236562069746,0.6652776343793025
0.0,0.8909166114513832,0.10908338854861682
0.0,0.9717658210361464,0.02823417896385374
0.0,0.9420290130114791,0.05797098698852087
0.0,0.9831758107127901,0.016824189287209898
0.0,0.7823967025981096,0.2176032974018903
0.0,0.9992579543945359,0.0007420456054642046
0.0,0.649285188130161,0.3507148118698389
0.0,0.9998656235151422,0.00013437648485773308
0.0,0.9676021894977339,0.032397810502265985
0.0,0.665875403019286,0.3341245969807139
0.0,0.9998508665925745,0.0001491334074255141
0.0,0.9999471673406393,5.2832659360622964e-05
0.0,0.9847544564702078,0.015245543529792245
0.0,0.9907946212288131,0.009205378771186991
0.0,0.9974230366739046,0.002576963326095331
0.0,0.9885701583490352,0.011429841650964742
0.0,0.9999969419672501,3.0580327497872768e-06
0.0,0.9999722446107662,2.7755389233751886e-05
0.0,0.9816663088970446,0.01833369110295524
1.0,0.3667405779936399,0.63325942200636
1.0,0.06619214375352153,0.9338078562464784
0.0,0.8790026364463459,0.12099736355365426
0.0,0.9993780942265684,0.0006219057734317005
0.0,0.9999864395827194,1.3560417280770485e-05
0.0,0.9994340371412138,0.0005659628587861629
0.0,0.9958847556718978,0.004115244328102308
0.0,0.9999762801642866,2.371983571345454e-05
0.0,0.9992780679590078,0.0007219320409922582
0.0,0.5483656222783925,0.45163437772160747
0.0,0.9999102105639315,8.978943606842667e-05
0.0,0.9999888053887035,1.1194611296537795e-05
0.0,0.9804823212074868,0.019517678792513128
0.0,0.9987572373237573,0.001242762676242677
0.0,0.9977708532485867,0.0022291467514133703
0.0,0.799653132449854,0.20034686755014602
0.0,0.8889778298225022,0.11102217017749774
1.0,0.083082966246124,0.916917033753876
0.0,0.9959477903760213,0.004052209623978605
1.0,0.314420231473636,0.6855797685263639
0.0,0.788463428560324,0.21153657143967602
1.0,0.047430432836369434,0.9525695671636307
0.0,0.9997669501174409,0.00023304988255919612
0.0,0.9986020840580329,0.001397915941967166
0.0,0.9999993053361712,6.946638287348933e-07
0.0,0.9996333434196186,0.0003666565803813017
0.0,0.9998729229904588,0.00012707700954126623
0.0,0.980420978488322,0.019579021511678014
0.0,0.9961389654216574,0.0038610345783426656
0.0,0.9965707118184848,0.0034292881815152433
0.0,0.916321346934746,0.083678653065254
0.0,0.8087324314236404,0.19126756857635957
0.0,0.9999654733978597,3.4526602140246316e-05
0.0,0.6067162966418547,0.39328370335814533
1.0,0.18251748893569675,0.8174825110643031
0.0,0.9948022625628995,0.005197737437100587
1.0,0.18678471512480632,0.8132152848751936
0.0,0.947284349354904,0.05271565064509595
0.0,0.9697700321183961,0.030229967881603936
0.0,0.9999984198970003,1.580102999586637e-06
0.0,0.9969566904468569,0.0030433095531431902
0.0,0.9885117305540417,0.011488269445958257
0.0,0.9805164102260285,0.019483589773971507
0.0,0.9978382074256389,0.0021617925743612158
0.0,0.9999844744646181,1.5525535381902793e-05
0.0,0.9998825044743407,0.00011749552565933016
0.0,0.9997160397874629,0.00028396021253707744
0.0,0.9945315103150534,0.005468489684946635
0.0,0.8549050839468423,0.1450949160531577
1.0,0.004058362857760129,0.9959416371422399
1.0,2.5158444385828907e-07,0.9999997484155562
1.0,0.4025784555523685,0.5974215444476315
1.0,0.01615353780265361,0.9838464621973463
0.0,0.9557873525134012,0.04421264748659886
0.0,0.9977416779475082,0.0022583220524917476
0.0,0.9978759470446545,0.002124052955345484
0.0,0.6509057396944696,0.3490942603055305
0.0,0.8139920819589015,0.18600791804109854
1.0,0.4601923079918102,0.5398076920081899
0.0,0.9756749778585794,0.02432502214142057
0.0,0.9975160620248421,0.0024839379751579152
0.0,0.9913547963316862,0.008645203668313775
0.0,0.6653602085957582,0.3346397914042419
0.0,0.6957022204320323,0.3042977795679679
0.0,0.991624403986114,0.008375596013885994
0.0,0.9999570103503711,4.2989649628983654e-05
0.0,0.9998163522806679,0.00018364771933207855
0.0,0.9999823687713129,1.7631228687120938e-05
0.0,0.99995755671173,4.244328827007922e-05
0.0,0.9997567726530306,0.000243227346969219
0.0,0.9998812560062939,0.00011874399370618793
0.0,0.6789105487995888,0.3210894512004112
0.0,0.9996305296271465,0.0003694703728535733
0.0,0.5624018796990459,0.43759812030095413
0.0,0.8700082910790498,0.12999170892095033
0.0,0.9985122701355984,0.0014877298644015789
0.0,0.9999412277747128,5.8772225287245706e-05
0.0,0.9957806643780132,0.004219335621986891
0.0,0.9997628794086492,0.00023712059135086254
0.0,0.9996610961632713,0.00033890383672879296
0.0,0.9996171388641835,0.00038286113581642784
0.0,0.9979445509373757,0.002055449062624356
0.0,0.9999493986773647,5.0601322635295866e-05
0.0,0.9990840187264384,0.0009159812735617237
0.0,0.9999788753745955,2.112462540442662e-05
0.0,0.9995790555632225,0.00042094443677755615
1.0,0.4701153233095022,0.529884676690498
0.0,0.9998069551665284,0.00019304483347168012
0.0,0.9999593597969272,4.064020307275701e-05
0.0,0.9832400169846318,0.01675998301536816
0.0,0.9986606605934513,0.0013393394065488867
0.0,0.9971276459191504,0.002872354080849622
0.0,0.9998861764665032,0.00011382353349689263
1.0,2.5937742246512164e-06,0.9999974062257754
1.0,0.2647764267445532,0.7352235732554466
1.0,0.061706315520655745,0.9382936844793444
0.0,0.9955576396556085,0.004442360344391437
0.0,0.9489409019339083,0.05105909806609162
0.0,0.5203345951202862,0.47966540487971393
0.0,0.9902105826617346,0.009789417338265419
0.0,0.9967640622161023,0.003235937783897827
0.0,0.9085009999510508,0.09149900004894912
1.0,0.1808659437922902,0.81913405620771
0.0,0.999327509486156,0.000672490513844086
0.0,0.9999227124893457,7.728751065423604e-05
0.0,0.9999504789629396,4.952103706024589e-05
0.0,0.9784442557450087,0.021555744254991238
1.0,0.01426711942865078,0.9857328805713492
0.0,0.8713371052249274,0.12866289477507267
0.0,0.9999939496308354,6.050369164598181e-06
0.0,0.9996546903257008,0.00034530967429930327
0.0,0.8400861156009777,0.15991388439902232
0.0,0.9960869844490942,0.003913015550905948
1.0,0.042156132283420994,0.957843867716579
0.0,0.9992478578449431,0.0007521421550568431
0.0,0.9999036151990454,9.6384800954624e-05
0.0,0.9999322699489769,6.773005102319704e-05
0.0,0.9997125189797731,0.00028748102022678327
0.0,0.9994842321422,0.0005157678578002137
0.0,0.9971918260459766,0.002808173954023343
0.0,0.9914483792853674,0.008551620714632568
0.0,0.9999956415393715,4.358460628616823e-06
0.0,0.999973632727841,2.636727215887125e-05
0.0,0.8560370536018326,0.1439629463981676
0.0,0.9999684920330739,3.1507966926151846e-05
0.0,0.624767317024104,0.37523268297589607
1.0,0.0291078985459228,0.9708921014540772
0.0,0.991696001196152,0.008303998803847986
0.0,0.9990489701953541,0.0009510298046459073
0.0,0.9999086995061699,9.13004938300566e-05
0.0,0.9992933902266867,0.0007066097733133033
0.0,0.9957348252977174,0.004265174702282598
0.0,0.9880239126526992,0.011976087347300702
1.0,0.3102011920231708,0.6897988079768292
0.0,0.9957815019188937,0.004218498081106484
0.0,0.9862373561866412,0.013762643813358837
0.0,0.9963117174837794,0.0036882825162204824
0.0,0.8871824331884618,0.11281756681153829
0.0,0.990705578994326,0.009294421005673972
0.0,0.9934430585824967,0.006556941417503192
0.0,0.9578335768648691,0.04216642313513094
0.0,0.9953809740886659,0.004619025911334086
0.0,0.9999939023439254,6.097656074523228e-06
0.0,0.9999939573805277,6.042619472367881e-06
1.0,1.5865581236011623e-05,0.999984134418764
1.0,0.3224087059786637,0.6775912940213364
0.0,0.6667613287554918,0.33323867124450823
0.0,0.9960391878963104,0.0039608121036896005
1.0,0.04066719081881236,0.9593328091811876
0.0,0.8184868641937738,0.18151313580622613
1.0,0.1761365193911347,0.8238634806088652
1.0,0.48203232364681986,0.51796767635318
1.0,0.13094977507106673,0.8690502249289332
0.0,0.9396149290627622,0.060385070937237724
0.0,0.9757088539826297,0.024291146017370174
0.0,0.8967569805568693,0.10324301944313073
0.0,0.9730424315704562,0.026957568429543714
1.0,1.5107468383396783e-05,0.9999848925316166
1.0,0.01149316279647989,0.9885068372035204
0.0,0.8331806815955313,0.16681931840446845
0.0,0.9982993067523518,0.0017006932476482891
0.0,0.9995621877365259,0.0004378122634740807
0.0,0.9999425040704848,5.749592951516024e-05
1.0,0.245556308394668,0.7544436916053321
1.0,0.08460204662821998,0.9153979533717801
0.0,0.9962785436020624,0.003721456397937587
1.0,0.44314966156909724,0.5568503384309028
0.0,0.9584808050153987,0.041519194984601285
1.0,0.3010625457827429,0.6989374542172571
0.0,0.9958797765008877,0.004120223499112299
0.0,0.999959457396151,4.054260384912232e-05
0.0,0.9998862502938105,0.00011374970618960926
0.0,0.9991052300191635,0.0008947699808365992
0.0,0.9702218017325214,0.02977819826747869
0.0,0.9402886366844887,0.059711363315511023
0.0,0.9999708694083935,2.91305916065552e-05
1.0,0.2505796472084945,0.7494203527915054
0.0,0.6499317996058227,0.3500682003941772
0.0,0.9999841707795942,1.5829220405717312e-05
0.0,0.9999973433693408,2.6566306593450656e-06
0.0,0.9992224041872254,0.0007775958127747287
0.0,0.999938415213143,6.158478685704384e-05
0.0,0.9928934559831757,0.007106544016824256
0.0,0.8183552531274154,0.18164474687258428
0.0,0.9995573367954582,0.00044266320454189106
0.0,0.9998288276109587,0.0001711723890413519
0.0,0.9999266153917252,7.338460827485224e-05
0.0,0.9999284438637427,7.155613625746366e-05
1.0,0.04605960946018983,0.9539403905398103
0.0,0.9949636827446329,0.0050363172553670845
0.0,0.9918692017119447,0.008130798288055319
0.0,0.9984756428899031,0.0015243571100970194
0.0,0.99997862045557,2.1379544430141008e-05
0.0,0.9914575945842461,0.008542405415753969
0.0,0.9940178720343665,0.005982127965633587
0.0,0.994849956792781,0.005150043207218957
1.0,0.20238095364887393,0.7976190463511262
0.0,0.9994456767896363,0.0005543232103636001
0.0,0.9346555636755423,0.06534443632445784
1.0,0.0035892200145251118,0.9964107799854749
1.0,0.13872610445611844,0.8612738955438815
0.0,0.9836810429809306,0.016318957019069342
0.0,0.9634281574283884,0.036571842571611696
0.0,0.999270212129033,0.0007297878709669146
0.0,0.9282759206265239,0.07172407937347638
0.0,0.9985152431901678,0.001484756809832231
0.0,0.9964349202850223,0.003565079714977634
0.0,0.9768654324094687,0.02313456759053128
0.0,0.9999980618844556,1.938115544417122e-06
0.0,0.9999992717267787,7.282732213103543e-07
0.0,0.9999820190144006,1.7980985599359543e-05
0.0,0.9383831880352668,0.061616811964733086
0.0,0.8663242479720172,0.1336757520279826
0.0,0.9958079512437814,0.004192048756218752
0.0,0.9999697063929852,3.029360701469157e-05
0.0,0.9879876778530355,0.012012322146964394
1.0,0.02755639392007848,0.9724436060799216
0.0,0.9998357046439657,0.00016429535603433283
1.0,0.40368284851157143,0.5963171514884286
0.0,0.8877829294987135,0.11221707050128661
1.0,0.04018322757647208,0.959816772423528
0.0,0.5901705531178488,0.40982944688215117
0.0,0.9775918874229915,0.022408112577008515
0.0,0.9990654651058665,0.0009345348941335715
1.0,0.32894489090629203,0.671055109093708
1.0,0.0324900914133347,0.9675099085866653
0.0,0.9705375448949924,0.029462455105007394
1.0,0.04131796118120888,0.9586820388187912
0.0,0.9918422911132393,0.008157708886760697
0.0,0.9943626562543387,0.005637343745661267
0.0,0.6238259186785515,0.37617408132144853
0.0,0.87138584280364,0.12861415719635994
0.0,0.9999486692507277,5.133074927237384e-05
0.0,0.999722473881105,0.0002775261188949839
0.0,0.9997061740240278,0.0002938259759722987
0.0,0.9996098076423742,0.0003901923576259311
0.0,0.9999708728573654,2.9127142634632052e-05
0.0,0.9999872181200251,1.2781879974714695e-05
0.0,0.9996220282964358,0.00037797170356419736
0.0,0.99787699816685,0.0021230018331499134
0.0,0.848011504323777,0.15198849567622286
0.0,0.9555640813234316,0.04443591867656833
1.0,0.042704308428953015,0.957295691571047
0.0,0.923870366277418,0.076129633722582
0.0,0.9963780036713217,0.0036219963286783043
0.0,0.9969499536841235,0.0030500463158765387
0.0,0.9191502171668752,0.08084978283312495
0.0,0.999933550857153,6.644914284723453e-05
0.0,0.995402751706436,0.004597248293563898
0.0,0.968325254050655,0.03167474594934507
1.0,0.2868673809780796,0.7131326190219204
0.0,0.9997221293379411,0.0002778706620588921
0.0,0.9943569719037239,0.005643028096276308
0.0,0.9608034508614512,0.03919654913854882
0.0,0.827117956170956,0.1728820438290443
0.0,0.9449540343183298,0.05504596568167022
0.0,0.9966061810393058,0.003393818960694242
0.0,0.9998157012820449,0.00018429871795519243
0.0,0.9999591204746424,4.087952535767903e-05
0.0,0.9999986278726296,1.3721273703933114e-06
0.0,0.9999991722286163,8.277713836326014e-07
0.0,0.9999851963031399,1.4803696860172867e-05
0.0,0.9865867903041053,0.013413209695894731
0.0,0.9999893757165583,1.0624283441718001e-05
0.0,0.9986903952408496,0.0013096047591503628
0.0,0.9966696286620182,0.0033303713379816842
0.0,0.6452390940751693,0.3547609059248307
0.0,0.9997925122958766,0.00020748770412337242
0.0,0.8844098376174063,0.11559016238259379
0.0,0.9474998262186419,0.05250017378135814
0.0,0.9954318663427001,0.004568133657299781
0.0,0.999920976384919,7.902361508110838e-05
0.0,0.9985247035453981,0.001475296454601883
0.0,0.9989169395552941,0.0010830604447058811
0.0,0.9993834759415807,0.0006165240584192836
0.0,0.9993026703936739,0.0006973296063260499
0.0,0.9999976550207583,2.344979241590838e-06
0.0,0.9998074418803153,0.00019255811968473265
0.0,0.9971950261204804,0.0028049738795197436
0.0,0.9998361148392256,0.00016388516077427026
0.0,0.9991890145340346,0.0008109854659653938
0.0,0.9972167740681264,0.002783225931873633
0.0,0.9999315471504377,6.845284956229618e-05
0.0,0.9999933110915056,6.688908494468111e-06
0.0,0.999971832327493,2.8167672507052843e-05
0.0,0.9870245693253017,0.01297543067469839
0.0,0.9998349505974932,0.0001650494025067807
0.0,0.999936137882141,6.386211785898884e-05
0.0,0.9999973333258418,2.666674158106037e-06
0.0,0.9999997366251144,2.633748856556842e-07
0.0,0.9996391111368733,0.0003608888631267155
0.0,0.9594379120727428,0.040562087927257254
0.0,0.9996577297104263,0.0003422702895737291
0.0,0.8912201402240573,0.10877985977594268
0.0,0.9999700629229006,2.99370770994845e-05
0.0,0.9999900274136486,9.972586351346964e-06
0.0,0.9999924135548003,7.586445199837269e-06
0.0,0.9999846839188709,1.5316081129116256e-05
1.0,0.2902977904791323,0.7097022095208676
1.0,0.17910341671256214,0.8208965832874379
0.0,0.9990051621461387,0.0009948378538614658
0.0,0.9853129734350893,0.014687026564910732
0.0,0.9774161850728192,0.022583814927180777
0.0,0.9999955219323192,4.478067680704993e-06
0.0,0.9965621845985649,0.0034378154014349485
0.0,0.9051114719497824,0.09488852805021786
0.0,0.9223019965561138,0.07769800344388614
1.0,0.31900750065005024,0.6809924993499495
0.0,0.9584456645126816,0.04155433548731837
0.0,0.9998574832285145,0.00014251677148552954
0.0,0.9864993402519022,0.01350065974809785
0.0,0.9977073963770827,0.0022926036229172276
0.0,0.9997258513095388,0.0002741486904611903
0.0,0.9798771538576924,0.020122846142307582
0.0,0.9998453552437471,0.00015464475625288795
1.0,0.2884656494379619,0.7115343505620383
0.0,0.832382646736926,0.16761735326307386
0.0,0.9973598702532404,0.002640129746759601
0.0,0.9922711263496222,0.0077288736503777385
0.0,0.9900057683854752,0.009994231614524764
1.0,0.05064485644444388,0.9493551435555561
0.0,0.9853181056550911,0.014681894344908738
1.0,0.045993681636113073,0.9540063183638867
0.0,0.9347886941723459,0.06521130582765423
0.0,0.9336347500026232,0.06636524999737697
0.0,0.9930891303159475,0.006910869684052446
0.0,0.9984457940561264,0.0015542059438736476
0.0,0.9945692311261839,0.0054307688738162874
0.0,0.9868803400759474,0.01311965992405257
0.0,0.9145765564179398,0.08542344358206025
0.0,0.7117182103169534,0.28828178968304663
1.0,0.008485576380520637,0.9915144236194792
0.0,0.9860610437273668,0.013938956272633082
0.0,0.9999533174422542,4.668255774573348e-05
0.0,0.9051417130694589,0.09485828693054114
0.0,0.993426967033187,0.006573032966813017
0.0,0.8478514119508044,0.1521485880491956
1.0,0.0038276172393269556,0.996172382760673
0.0,0.9944856757219624,0.005514324278037493
1.0,0.2443078530856258,0.7556921469143741
0.0,0.9660287709196442,0.03397122908035574
0.0,0.9997688581396598,0.00023114186034025588
0.0,0.9910204392315302,0.008979560768469981
1.0,0.14889404450374533,0.8511059554962548
1.0,0.4712222119134488,0.5287777880865512
1.0,0.004812379082325624,0.9951876209176745
1.0,0.011928744399147609,0.9880712556008523
1.0,0.33049084485823993,0.6695091551417599
0.0,0.9909035838092721,0.009096416190727987
1.0,0.18897861061288623,0.8110213893871139
1.0,0.019466967192936453,0.9805330328070636
1.0,0.5,0.5
0.0,0.8008420350473499,0.19915796495265017
1.0,0.22268427549585404,0.777315724504146
0.0,0.9619502152550703,0.03804978474492969
0.0,0.9992643363702628,0.0007356636297372163
0.0,0.788769166043533,0.21123083395646705
0.0,0.9394309731059879,0.06056902689401203
1.0,0.026954231893065613,0.9730457681069345
1.0,0.06380717014519323,0.9361928298548067
0.0,0.9999894445382281,1.0555461771924788e-05
0.0,0.9966268740960552,0.00337312590394482
1.0,0.1767897005826635,0.8232102994173365
0.0,0.9999457424314612,5.425756853882574e-05
0.0,0.8948223047857333,0.10517769521426695
1.0,0.13801109931743263,0.8619889006825674
1.0,0.11652535650188245,0.8834746434981177
1.0,0.12141535981124527,0.8785846401887548
0.0,0.691074950489176,0.30892504951082406
1.0,0.4658103624546822,0.5341896375453178
0.0,0.981169391603619,0.01883060839638089
0.0,0.9996240623987827,0.00037593760121738264
0.0,0.972279477555142,0.02772052244485802
0.0,0.9064086640265434,0.09359133597345659
1.0,0.05073288563814815,0.9492671143618521
0.0,0.9991572131115174,0.0008427868884825537
0.0,0.9999633062930973,3.669370690259596e-05
0.0,0.9937024298808181,0.00629757011918193
0.0,0.7235920412597533,0.27640795874024676
1.0,0.2940609240916215,0.7059390759083787
1.0,0.15063520980254125,0.8493647901974587
0.0,0.9955774538237239,0.0044225461762762005
1.0,0.22955176575132238,0.7704482342486777
0.0,0.7428736580091108,0.257126341990889
0.0,0.9960446036952884,0.003955396304711548
1.0,0.018920113234650544,0.9810798867653494
0.0,0.7607906239895124,0.2392093760104876
0.0,0.9957605390905554,0.004239460909444654
1.0,0.257102776824847,0.7428972231751532
1.0,0.472061311606245,0.5279386883937551
1.0,0.27829999907732983,0.72170000092267
0.0,0.9503617726226257,0.04963822737737445
0.0,0.999895996596587,0.00010400340341293205
0.0,0.999689160954161,0.00031083904583887006
0.0,0.999999486955829,5.130441711261361e-07
0.0,0.9999957847302493,4.215269750625235e-06
0.0,0.9984696732807413,0.0015303267192588162
0.0,0.982285281917662,0.017714718082337925
0.0,0.8530860497142102,0.14691395028578977
0.0,0.9995603622944272,0.0004396377055728011
0.0,0.9991130862637628,0.0008869137362371691
0.0,0.8480136460234231,0.15198635397657692
1.0,0.4550049798222377,0.5449950201777625
0.0,0.9350963231169824,0.06490367688301751
0.0,0.9962874384942664,0.003712561505733619
0.0,0.99998601147909,1.3988520910088036e-05
0.0,0.9954058135412387,0.004594186458761138
0.0,0.6944722487774636,0.3055277512225362
0.0,0.9991953038551814,0.000804696144818668
0.0,0.9723920755529133,0.027607924447086776
0.0,0.9955196043757317,0.0044803956242683175
0.0,0.7694597946524948,0.23054020534750533
0.0,0.9674655871176289,0.03253441288237107
0.0,0.6234321549243942,0.3765678450756058
0.0,0.987018916463048,0.012981083536952018
1.0,1.0839175389446361e-06,0.999998916082461
0.0,0.8815256628660061,0.1184743371339939
1.0,0.09793357860870777,0.9020664213912922
1.0,0.006227368480500102,0.9937726315194998
1.0,0.004655326782707739,0.9953446732172923
1.0,0.004013052220302092,0.9959869477796981
1.0,0.39496681754405094,0.605033182455949
0.0,0.9860420435495209,0.0139579564504793
0.0,0.9999690330140765,3.096698592342295e-05
0.0,0.6344411719500016,0.3655588280499985
0.0,0.99534237329281,0.004657626707190039
1.0,5.8199362343622645e-08,0.9999999418006377
0.0,0.9780299263396992,0.02197007366030068
1.0,0.11936761399796247,0.8806323860020375
1.0,0.007357592289706987,0.9926424077102929
0.0,0.5106597115541534,0.48934028844584665
0.0,0.9996184080923343,0.0003815919076658114
0.0,0.9994380358928566,0.0005619641071433819
0.0,0.9975023830466245,0.0024976169533753286
0.0,0.9987896160410571,0.001210383958942803
0.0,0.9781722352919215,0.021827764708078495
0.0,0.9995311024756518,0.00046889752434826454
0.0,0.979692920831537,0.020307079168462944
0.0,0.9845872851831404,0.015412714816859572
0.0,0.9988630859613166,0.0011369140386833223
0.0,0.8915042975509424,0.10849570244905735
0.0,0.7962884931747614,0.20371150682523836
0.0,0.5366976297789195,0.4633023702210803
0.0,0.8439694551740281,0.15603054482597198
1.0,0.07512717166339217,0.9248728283366078
0.0,0.9802618296012839,0.019738170398716077
1.0,0.073896790396815,0.9261032096031848
0.0,0.6180129724568224,0.38198702754317754
0.0,0.8237876898140323,0.17621231018596795
0.0,0.6717907127708911,0.32820928722910886
0.0,0.9206257111065353,0.07937428889346469
0.0,0.9997033871768196,0.00029661282318040906
0.0,0.7760636069351908,0.2239363930648092
0.0,0.6867701475116824,0.3132298524883177
0.0,0.965046211587482,0.034953788412517874
0.0,0.9974589989942844,0.0025410010057156356
1.0,3.06446374862934e-07,0.9999996935536251
1.0,0.012521076338948478,0.9874789236610516
1.0,0.20263840135472658,0.7973615986452733
0.0,0.9642429742219508,0.03575702577804911
0.0,0.9999982807170229,1.719282977254041e-06
0.0,0.9999475126848972,5.248731510271496e-05
0.0,0.9952943849524954,0.004705615047504426
0.0,0.979267282403949,0.020732717596050967
0.0,0.997983645720359,0.0020163542796408427
0.0,0.9287561877983488,0.07124381220165109
0.0,0.991533328290737,0.00846667170926305
0.0,0.9999865510268995,1.3448973100583071e-05
0.0,0.9999986573728131,1.3426271869484188e-06
0.0,0.9992487163309964,0.0007512836690034493
0.0,0.9999911963642745,8.803635725653298e-06
0.0,0.9996057214436397,0.00039427855636042265
0.0,0.9993141793383737,0.0006858206616263698
0.0,0.9866780931097974,0.013321906890202654
0.0,0.9955587690366352,0.0044412309633649226
0.0,0.9999848563802395,1.5143619760549203e-05
0.0,0.9999536182668516,4.6381733148254476e-05
0.0,0.9999212688799363,7.873112006373203e-05
0.0,0.9126886525604593,0.08731134743954078
1.0,0.18301763152702705,0.8169823684729729
1.0,0.29825584514554393,0.7017441548544561
0.0,0.9984815772101658,0.0015184227898342548
0.0,0.9997373587924419,0.0002626412075580948
0.0,0.9793913235886659,0.020608676411334004
0.0,0.9998525113635448,0.00014748863645511017
0.0,0.9996416410674889,0.00035835893251124246
0.0,0.9997485904916663,0.00025140950833377033
0.0,0.9122337651050373,0.0877662348949625
0.0,0.9883036192110136,0.01169638078898636
0.0,0.997113120068849,0.002886879931150966
0.0,0.9956195173479747,0.004380482652025333
0.0,0.9847040066353339,0.015295993364666081
0.0,0.9999111152840707,8.888471592934239e-05
0.0,0.996360682476,0.0036393175240000183
0.0,0.9998876766147932,0.0001123233852069055
0.0,0.6211746325152359,0.37882536748476425
0.0,0.9592410472084042,0.040758952791595776
0.0,0.9924385667472192,0.007561433252780736
0.0,0.9961223356231326,0.0038776643768673466
0.0,0.9940094059338261,0.0059905940661739866
0.0,0.9034198816671077,0.09658011833289219
0.0,0.9934005439852278,0.006599456014772126
1.0,0.2897292443417724,0.7102707556582277
1.0,0.19153957456142476,0.8084604254385752
1.0,0.16347767715698802,0.8365223228430121
1.0,0.29096806943200226,0.7090319305679977
0.0,0.5889168735533097,0.41108312644669026
0.0,0.9913162861984505,0.008683713801549506
0.0,0.999024914336391,0.0009750856636090652
0.0,0.9997177087268967,0.000282291273103393
0.0,0.9512621976893249,0.04873780231067512
0.0,0.999932737211092,6.726278890792486e-05
1.0,0.04766661933492037,0.9523333806650796
0.0,0.999983321838849,1.6678161150960772e-05
0.0,0.9614195553341919,0.03858044466580807
0.0,0.7043824119674316,0.29561758803256855
0.0,0.9998091632093328,0.00019083679066716686
0.0,0.74235210133692,0.25764789866307997
1.0,0.13215754769653107,0.8678424523034689
0.0,0.6061186263856209,0.3938813736143792
0.0,0.8657819102337,0.13421808976630004
0.0,0.5167504062738488,0.48324959372615134
0.0,0.7672537041577784,0.23274629584222148
0.0,0.999204846203404,0.0007951537965960995
0.0,0.9948024449500392,0.005197555049960644
0.0,0.9906422432471824,0.00935775675281755
0.0,0.995033740729967,0.004966259270033167
0.0,0.9995130919425574,0.00048690805744247643
1.0,0.02150861328745777,0.9784913867125422
1.0,0.04546139510188357,0.9545386048981165
0.0,0.9586046062518963,0.041395393748103644
0.0,0.9251695009684375,0.0748304990315626
0.0,0.9973123527836039,0.002687647216396055
0.0,0.9999590155685338,4.098443146610132e-05
0.0,0.9999700772123674,2.9922787632722104e-05
0.0,0.9993349370179686,0.0006650629820313012
0.0,0.9885118770793175,0.011488122920682537
1.0,0.08219644767517496,0.9178035523248249
0.0,0.9828753306766221,0.017124669323377844
0.0,0.9988973065559335,0.001102693444066556
0.0,0.9511356302558679,0.04886436974413222
0.0,0.9997629800061651,0.00023701999383475837
1.0,1.8010636977990405e-07,0.9999998198936302
1.0,0.09697043476781558,0.9030295652321843
1.0,0.2149369110767907,0.7850630889232093
1.0,0.002532552873131807,0.9974674471268683
1.0,0.0030871136839828073,0.9969128863160173
1.0,0.1348848306493773,0.8651151693506227
1.0,0.042071127370900144,0.9579288726290999
1.0,0.018669745666813623,0.9813302543331867
0.0,0.9059164848297686,0.09408351517023167
1.0,0.09074007294287235,0.9092599270571274
0.0,0.90475135098079,0.0952486490192101
1.0,0.14021622632227104,0.8597837736777292
0.0,0.585177884152479,0.41482211584752093
0.0,0.9999689257170032,3.107428299662774e-05
0.0,0.9991939449853543,0.0008060550146455883
0.0,0.9997778250994585,0.0002221749005414059
0.0,0.9337411937211471,0.06625880627885318
0.0,0.9985283209709842,0.0014716790290157484
0.0,0.9999912121527313,8.787847268502422e-06
1.0,0.1515345711622321,0.8484654288377677
1.0,0.1466851149035277,0.8533148850964722
0.0,0.9986084420206315,0.0013915579793685744
1.0,0.058521827954527664,0.9414781720454725
0.0,0.9911956323122623,0.008804367687737652
1.0,0.05246692385279616,0.9475330761472038
0.0,0.5108663611249493,0.4891336388750507
0.0,0.9953687209486085,0.004631279051391448
0.0,0.9378941611405717,0.06210583885942846
0.0,0.9998721846423078,0.00012781535769216442
0.0,0.9998271860486423,0.00017281395135775135
0.0,0.9999974114826622,2.5885173379312843e-06
0.0,0.9999292050868182,7.079491318186339e-05
0.0,0.9999411679987212,5.883200127887926e-05
0.0,0.9911152826831057,0.008884717316894249
0.0,0.999542201313479,0.0004577986865210812
0.0,0.9997649367550323,0.00023506324496770536
0.0,0.9937838550368826,0.00621614496311739
0.0,0.9662468922156094,0.03375310778439069
0.0,0.664724523233057,0.3352754767669431
0.0,0.999356685771754,0.0006433142282461784
0.0,0.9110935248590735,0.0889064751409267
0.0,0.9981063901211904,0.0018936098788094901
0.0,0.9917637849912988,0.008236215008701173
0.0,0.9960062521796614,0.0039937478203385356
0.0,0.9982835632725331,0.0017164367274669038
1.0,0.0576773066305426,0.9423226933694574
0.0,0.698939869051031,0.3010601309489692
0.0,0.8860048808266707,0.11399511917332929
1.0,0.09755683570374905,0.9024431642962509
0.0,0.9205415952982465,0.07945840470175329
0.0,0.9900024787480686,0.009997521251931343
0.0,0.7804608661876767,0.21953913381232326
1.0,0.29891922846653823,0.7010807715334616
0.0,0.7009901809368425,0.2990098190631576
0.0,0.9975350083451446,0.002464991654855504
0.0,0.9987746352676734,0.0012253647323264847
0.0,0.9913426176817609,0.008657382318239017
0.0,0.9908845025716001,0.009115497428400033
1.0,0.0047033983718789635,0.9952966016281211
0.0,0.7496156579739509,0.25038434202604914
0.0,0.9999925022062511,7.4977937488830465e-06
0.0,0.9999495797349259,5.0420265074207045e-05
0.0,0.9998006239393991,0.00019937606060095234
1.0,0.24786461473310054,0.7521353852668994
0.0,0.9999285028008664,7.149719913370475e-05
1.0,0.21518124889278514,0.7848187511072149
1.0,0.2153253233657812,0.7846746766342189
1.0,5.376853377637907e-08,0.9999999462314662
1.0,0.1878959207168702,0.8121040792831298
0.0,0.969489576873799,0.030510423126200933
0.0,0.9999406573614203,5.934263857975432e-05
0.0,0.9990177364859745,0.000982263514025472
1.0,0.35967032112195274,0.6403296788780473
0.0,0.9996147458349434,0.00038525416505655124
0.0,0.9963487443864488,0.0036512556135512345
0.0,0.9571077799954198,0.042892220004580185
0.0,0.9602487614698781,0.039751238530121934
0.0,0.9113314155525679,0.08866858444743199
0.0,0.5485531524407823,0.4514468475592177
1.0,0.022771214852561533,0.9772287851474382
0.0,0.9699664298588576,0.030033570141142486
0.0,0.9993620198561617,0.0006379801438382661
0.0,0.6978473070281145,0.30215269297188563
0.0,0.9948504084690964,0.005149591530903537
0.0,0.9642561934871836,0.03574380651281639
0.0,0.9994004588565338,0.0005995411434660237
0.0,0.9721374273537418,0.027862572646258146
0.0,0.9998431722953443,0.0001568277046556234
0.0,0.9484382717585957,0.0515617282414043
0.0,0.875440665355794,0.12455933464420607
0.0,0.9659051232100229,0.0340948767899771
0.0,0.9283970582187122,0.0716029417812877
0.0,0.9997702311632993,0.00022976883670067515
0.0,0.9989320677008494,0.0010679322991504923
0.0,0.636619707181403,0.3633802928185971
1.0,0.14867497803962346,0.8513250219603765
0.0,0.9852777380230896,0.014722261976910336
0.0,0.9959443933467113,0.004055606653288632
0.0,0.9999334284851001,6.657151489989793e-05
0.0,0.9983741369816619,0.0016258630183380262
1.0,1.0665336058389697e-06,0.9999989334663941
1.0,0.13715565437074775,0.8628443456292523
0.0,0.9995639994436432,0.00043600055635674884
0.0,0.9904202811312367,0.009579718868763312
0.0,0.9069470442663308,0.09305295573366924
0.0,0.9935006387826884,0.006499361217311576
0.0,0.998581948434204,0.0014180515657959282
0.0,0.9999257119872113,7.428801278885017e-05
0.0,0.9999564261454352,4.35738545648677e-05
