0.0,0.9998411776198456,0.0001588223801543878
0.0,0.9991663874840296,0.0008336125159704549
0.0,0.9999937963231365,6.2036768635059455e-06
0.0,0.9998334324986808,0.00016656750131900647
0.0,0.9694096234242494,0.030590376575750648
0.0,0.999219403868306,0.0007805961316940498
0.0,0.9848968444076296,0.015103155592370441
1.0,0.262952733262495,0.7370472667375048
0.0,0.9999498710223593,5.012897764080022e-05
0.0,0.9994145954434202,0.0005854045565800251
0.0,0.9998931550244613,0.00010684497553877791
0.0,0.7915952939790497,0.20840470602095046
0.0,0.9773756490740133,0.022624350925986705
0.0,0.999953355051074,4.6644948926071505e-05
0.0,0.9991413941622381,0.000858605837761846
0.0,0.9999793767932194,2.062320678063289e-05
1.0,0.06654921642802963,0.9334507835719704
1.0,1.093312935315556e-06,0.9999989066870647
0.0,0.9997594892294593,0.00024051077054074342
0.0,0.9809263081789027,0.01907369182109724
1.0,0.01183287068635154,0.9881671293136484
0.0,0.7184113917782498,0.28158860822175025
0.0,0.9748248093007854,0.02517519069921446
0.0,0.9644103714195238,0.03558962858047626
0.0,0.9189435389456543,0.08105646105434572
0.0,0.9934319111436867,0.006568088856313274
0.0,0.6631693330962644,0.3368306669037357
0.0,0.998892480507024,0.0011075194929761516
0.0,0.9677790900452258,0.03222090995477412
1.0,0.16714692811570403,0.8328530718842959
1.0,7.39041630327911e-07,0.9999992609583698
1.0,0.06175159856576225,0.9382484014342378
0.0,0.9878445377110708,0.01215546228892907
0.0,0.8283166105759403,0.17168338942405992
0.0,0.6552292867670111,0.34477071323298886
0.0,0.9855397203725755,0.014460279627424473
0.0,0.6681263787373848,0.3318736212626153
0.0,0.9953968172256751,0.004603182774324986
0.0,0.9700614778981134,0.029938522101886727
0.0,0.9942731453725002,0.0057268546274998194
0.0,0.9987948573818217,0.0012051426181783073
0.0,0.8734694805672024,0.1265305194327976
1.0,0.30702046522861437,0.6929795347713856
0.0,0.8382119155950711,0.1617880844049289
0.0,0.9997935171253848,0.00020648287461513457
0.0,0.9999662932743587,3.370672564142495e-05
1.0,0.229831394572537,0.7701686054274629
0.0,0.9937357262532587,0.006264273746741224
0.0,0.8479316788674999,0.15206832113249996
0.0,0.9972017768688816,0.0027982231311182997
0.0,0.999939566969998,6.0433030002198455e-05
0.0,0.9999498378722438,5.016212775627278e-05
0.0,0.9999371855967311,6.281440326903812e-05
1.0,0.48336952368090697,0.516630476319093
0.0,0.8802366230297489,0.11976337697025113
0.0,0.9659074072198911,0.034092592780108975
0.0,0.9983927444023951,0.001607255597604876
0.0,0.9999912451260793,8.754873920702107e-06
0.0,0.9997188165291672,0.00028118347083287806
0.0,0.9995060523603948,0.0004939476396050771
1.0,0.18333771194676146,0.8166622880532386
0.0,0.999898644620671,0.00010135537932897166
0.0,0.9953365588337991,0.0046634411662009444
0.0,0.9998443036417654,0.00015569635823464974
0.0,0.9998937611723429,0.0001062388276570494
0.0,0.9999917682517989,8.231748201170163e-06
0.0,0.9978707124411896,0.002129287558810398
0.0,0.9995659942978199,0.00043400570218002805
0.0,0.99741970036988,0.0025802996301199036
0.0,0.9999981854908001,1.8145091999347559e-06
0.0,0.9962857232687737,0.0037142767312261806
0.0,0.9927031769210019,0.00729682307899812
0.0,0.9984516566362829,0.0015483433637170738
0.0,0.9992974909615153,0.0007025090384846879
0.0,0.9474823177039139,0.05251768229608618
0.0,0.9998965873366494,0.00010341266335047055
0.0,0.9997383838156325,0.00026161618436751957
0.0,0.9998499169538411,0.00015008304615881187
0.0,0.9524006220121165,0.04759937798788343
1.0,0.21786284796877214,0.7821371520312278
1.0,0.20383043758537425,0.7961695624146259
1.0,0.12762561472262188,0.8723743852773781
0.0,0.996877320956624,0.003122679043376037
0.0,0.9208461384551386,0.07915386154486127
1.0,0.1457223827389272,0.8542776172610727
0.0,0.7936857674492727,0.2063142325507275
1.0,0.17817505582608234,0.8218249441739177
1.0,8.988625288803956e-06,0.9999910113747111
1.0,0.023567222233827633,0.9764327777661722
0.0,0.9963502215246028,0.0036497784753972643
0.0,0.9734028242991372,0.026597175700862948
0.0,0.8826850222178388,0.11731497778216113
0.0,0.801312033421741,0.1986879665782589
1.0,0.13427350250904077,0.865726497490959
0.0,0.9333374662466853,0.06666253375331457
0.0,0.5516645709782773,0.44833542902172263
0.0,0.8923342705267882,0.10766572947321189
0.0,0.9944484335115037,0.005551566488496281
1.0,0.03328506633342013,0.9667149336665798
0.0,0.9140021183600481,0.08599788163995195
1.0,0.008724580621406613,0.9912754193785933
1.0,0.09677555639888602,0.903224443601114
1.0,0.007113570742276465,0.9928864292577235
1.0,0.006883543925097654,0.9931164560749025
0.0,0.9860297138743084,0.01397028612569167
0.0,0.997971950382012,0.0020280496179881
0.0,0.5746363409200744,0.4253636590799257
0.0,0.9963744016703207,0.0036255983296795006
0.0,0.9997330196071464,0.00026698039285353984
0.0,0.9979228529746693,0.002077147025330508
0.0,0.9996162092710509,0.0003837907289491297
1.0,0.5062165801467182,0.4937834198532818
1.0,0.49088043410480914,0.5091195658951908
1.0,1.7227404418640035e-05,0.9999827725955814
0.0,0.9537675764756828,0.04623242352431721
0.0,0.6237512261808953,0.37624877381910465
0.0,0.5661368920764686,0.4338631079235315
1.0,0.17777727729732226,0.8222227227026777
0.0,0.9999707910467922,2.9208953207910155e-05
0.0,0.99815024469216,0.0018497553078399836
0.0,0.9996958315696857,0.0003041684303144141
0.0,0.9936516067126833,0.006348393287316719
1.0,0.35339623983677304,0.6466037601632267
0.0,0.869974509891013,0.1300254901089871
0.0,0.9999325668634016,6.743313659845808e-05
0.0,0.9999798522888274,2.014771117251586e-05
0.0,0.8592171677959551,0.14078283220404486
0.0,0.6118461273999463,0.3881538726000537
0.0,0.9968198097773402,0.0031801902226596575
0.0,0.9575502766749823,0.04244972332501777
0.0,0.9931905296512106,0.006809470348789311
0.0,0.5340964393288608,0.46590356067113914
0.0,0.6319928398100232,0.3680071601899768
0.0,0.9732564130057916,0.026743586994208413
0.0,0.9262060149814004,0.07379398501859974
0.0,0.9995980023380143,0.0004019976619856883
0.0,0.9998509817442036,0.00014901825579634705
0.0,0.9999946670048199,5.332995180028977e-06
0.0,0.9999934729822325,6.5270177675240365e-06
0.0,0.9994478297472835,0.0005521702527163458
0.0,0.9990036008982075,0.0009963991017923922
0.0,0.9972307796286732,0.0027692203713267052
0.0,0.9999278139303115,7.218606968862544e-05
0.0,0.999554780408433,0.00044521959156708824
0.0,0.9975965860033886,0.002403413996611401
1.0,0.0528350007153787,0.9471649992846215
1.0,0.4426669699939327,0.5573330300060674
0.0,0.9997251392204974,0.00027486077950250696
0.0,0.9978719543427582,0.002128045657241785
0.0,0.907056576606589,0.09294342339341102
0.0,0.9996932120741403,0.00030678792585967814
0.0,0.9981601547395114,0.0018398452604885865
0.0,0.995331389281571,0.004668610718429067
0.0,0.7738034622290054,0.22619653777099433
0.0,0.9982002625248678,0.0017997374751320659
0.0,0.9998140305094272,0.00018596949057272927
1.0,0.017306692017960233,0.9826933079820397
0.0,0.9908986673206881,0.009101332679311807
0.0,0.9999967894599185,3.2105400814027477e-06
0.0,0.999899828227825,0.00010017177217506471
0.0,0.9999843549439176,1.564505608256079e-05
0.0,0.9948451009082038,0.005154899091796355
0.0,0.9999865072197407,1.3492780259414983e-05
1.0,0.1804869804311823,0.8195130195688178
0.0,0.8698269959156283,0.13017300408437185
1.0,0.004652144103329589,0.9953478558966704
0.0,0.8345601921744199,0.16543980782558007
0.0,0.990966832718791,0.00903316728120898
0.0,0.6701621734412738,0.32983782655872623
1.0,0.00875130499847751,0.9912486950015226
1.0,0.03673251582959223,0.9632674841704076
0.0,0.9920168615197903,0.007983138480209845
0.0,0.9975616113419693,0.0024383886580306977
1.0,0.00426165890515163,0.9957383410948483
0.0,0.8698356249547334,0.13016437504526673
0.0,0.562116774755149,0.43788322524485096
1.0,0.06263346526504919,0.937366534734951
1.0,0.05908171631648008,0.94091828368352
1.0,0.017770103764651806,0.9822298962353481
0.0,0.8730230053226079,0.1269769946773923
0.0,0.6932688997516654,0.30673110024833466
0.0,0.6875723985026383,0.3124276014973619
0.0,0.8126807496905717,0.18731925030942836
0.0,0.9998903350484625,0.0001096649515375169
0.0,0.7850238672149615,0.21497613278503844
1.0,0.48806715304957293,0.5119328469504272
0.0,0.960187834238296,0.03981216576170404
0.0,0.9965838520485009,0.0034161479514992227
0.0,0.9991417055600863,0.0008582944399137593
0.0,0.9396522344117157,0.06034776558828439
0.0,0.8922869309909033,0.10771306900909691
1.0,7.024852212882525e-06,0.9999929751477872
0.0,0.9944154699025164,0.005584530097483727
0.0,0.9963526011653299,0.003647398834670089
0.0,0.9884160226018649,0.011583977398135176
1.0,0.30904844679086213,0.6909515532091379
0.0,0.9997809297704837,0.00021907022951630858
1.0,0.49465329941358427,0.5053467005864158
0.0,0.5139175139695277,0.48608248603047227
0.0,0.9359694734460541,0.06403052655394575
0.0,0.7695080053808063,0.23049199461919354
0.0,0.6540092107545182,0.3459907892454818
0.0,0.5318477056779978,0.46815229432200206
1.0,2.2408394567667818e-07,0.9999997759160543
1.0,0.14334042332531124,0.856659576674689
0.0,0.8696851757955183,0.1303148242044817
0.0,0.9752085173232325,0.02479148267676754
1.0,0.33217437985640996,0.66782562014359
0.0,0.9391072197642213,0.06089278023577876
0.0,0.5660886463079619,0.4339113536920382
1.0,0.024053424459674403,0.9759465755403255
1.0,0.09851996520412111,0.901480034795879
0.0,0.9841623109539199,0.01583768904608021
0.0,0.9925132987954915,0.007486701204508528
0.0,0.9998317308097397,0.00016826919026013696
0.0,0.9988309204105981,0.0011690795894019922
0.0,0.8046502238001809,0.19534977619981903
0.0,0.7672689876674945,0.23273101233250573
0.0,0.700420138988604,0.29957986101139633
1.0,0.05907906361005048,0.9409209363899497
1.0,0.005904828141077081,0.9940951718589227
0.0,0.9620513048421588,0.03794869515784119
0.0,0.9908232978404754,0.009176702159524599
1.0,0.10341262122986845,0.8965873787701317
0.0,0.9983757481919591,0.0016242518080409182
0.0,0.8521878485650604,0.14781215143493948
0.0,0.9993860518857445,0.0006139481142555376
1.0,1.0170483800624794e-07,0.999999898295162
1.0,0.41615128223869785,0.5838487177613021
1.0,0.03235277500576737,0.9676472249942327
1.0,0.44312832459693396,0.556871675403066
0.0,0.9999568183987593,4.318160124077963e-05
0.0,0.8667748962485168,0.13322510375148314
0.0,0.795096037562094,0.20490396243790593
1.0,6.866199216487938e-06,0.9999931338007835
0.0,0.706326066202461,0.2936739337975389
0.0,0.8310861712852678,0.16891382871473218
0.0,0.9997521071579379,0.00024789284206213973
0.0,0.9997279459918434,0.0002720540081565786
0.0,0.9990647607055158,0.0009352392944842698
0.0,0.9970958835417638,0.0029041164582362397
0.0,0.9626015884149646,0.037398411585035436
1.0,0.23285759617114168,0.7671424038288585
0.0,0.5773668210440659,0.42263317895593416
1.0,0.007757161813335743,0.9922428381866646
1.0,0.42000412667174275,0.5799958733282572
0.0,0.9999331224709597,6.687752904035118e-05
0.0,0.9990681059930988,0.0009318940069012601
0.0,0.9775485944739186,0.022451405526081394
0.0,0.9999769557491759,2.3044250824138906e-05
0.0,0.9952920212793376,0.004707978720662465
0.0,0.9853739662694337,0.014626033730566257
0.0,0.9999740211999335,2.597880006636051e-05
0.0,0.9999878063057532,1.2193694246772236e-05
0.0,0.997091957672488,0.002908042327511916
0.0,0.9999858647613185,1.4135238681608972e-05
0.0,0.9999356282257337,6.437177426639295e-05
0.0,0.8886903685330881,0.11130963146691189
0.0,0.9995914365611231,0.00040856343887690305
0.0,0.7926934534162661,0.20730654658373385
0.0,0.9405238125545209,0.05947618744547912
0.0,0.9999884597293519,1.1540270648018877e-05
0.0,0.901401062004984,0.09859893799501578
0.0,0.9355644391985884,0.06443556080141134
1.0,0.0027605166746961273,0.9972394833253039
0.0,0.9130210718145113,0.08697892818548889
0.0,0.8544161783451912,0.14558382165480882
0.0,0.9964517191202698,0.003548280879730227
0.0,0.9690332854816448,0.030966714518355188
0.0,0.8141740080672742,0.1858259919327258
0.0,0.9986340655181153,0.0013659344818847475
0.0,0.7458803070578583,0.25411969294214176
0.0,0.9864002457737707,0.013599754226229336
0.0,0.8107410544427298,0.18925894555727005
0.0,0.9988892697278484,0.0011107302721516884
0.0,0.8805922208179907,0.11940777918200934
1.0,0.2758371552635429,0.7241628447364566
1.0,0.30034640113106237,0.6996535988689376
0.0,0.9998846145837855,0.00011538541621445999
1.0,0.11324736085923892,0.8867526391407612
0.0,0.9998451142817544,0.00015488571824554014
0.0,0.9886794156684657,0.011320584331534291
0.0,0.9394659726132126,0.06053402738678738
1.0,0.08139690330132016,0.9186030966986798
0.0,0.7306556419906511,0.2693443580093488
1.0,0.0795300331500275,0.9204699668499725
1.0,0.012542476613312873,0.9874575233866869
1.0,0.005919213550066563,0.9940807864499333
1.0,0.0482938935745456,0.9517061064254546
1.0,0.2803640689597608,0.7196359310402392
1.0,0.024902430549412508,0.9750975694505876
0.0,0.9066719937472937,0.09332800625270622
1.0,5.911833075558392e-07,0.9999994088166924
0.0,0.9538734958277236,0.04612650417227631
0.0,0.9951568474339881,0.004843152566011909
0.0,0.7996620559134872,0.2003379440865128
1.0,0.2592069531444515,0.7407930468555485
1.0,0.28526595687129447,0.7147340431287054
0.0,0.7157681681284072,0.28423183187159284
1.0,0.3636385143790358,0.6363614856209642
1.0,0.2236633694739994,0.7763366305260005
0.0,0.8700629134180375,0.1299370865819622
0.0,0.9789308954167174,0.021069104583282566
0.0,0.8767523953686519,0.12324760463134818
0.0,0.9983300218300377,0.0016699781699623523
0.0,0.9482304925747673,0.05176950742523269
0.0,0.9982440286803338,0.0017559713196662558
1.0,2.9353581113501923e-06,0.9999970646418886
0.0,0.7403603454950665,0.25963965450493365
1.0,0.005193011967688778,0.9948069880323113
0.0,0.9979418413775504,0.0020581586224495438
0.0,0.992572154060102,0.007427845939897917
0.0,0.9155785485271293,0.0844214514728705
1.0,0.33551391541143644,0.6644860845885634
0.0,0.8786608829370555,0.12133911706294473
0.0,0.9993732172944334,0.0006267827055665787
0.0,0.9998863302248684,0.0001136697751315794
0.0,0.9996843741725395,0.0003156258274604952
0.0,0.9961352189683883,0.003864781031611632
0.0,0.9973211786254305,0.002678821374569561
0.0,0.9978619051192781,0.0021380948807219516
0.0,0.990504440545069,0.009495559454931014
0.0,0.8883680467612964,0.11163195323870355
0.0,0.9980400154371691,0.001959984562830785
0.0,0.9994195702189768,0.0005804297810232331
0.0,0.9051080575845523,0.09489194241544786
0.0,0.9630540419305105,0.03694595806948956
0.0,0.999223262923475,0.0007767370765249417
0.0,0.9976162256388433,0.0023837743611566393
0.0,0.9981363948978347,0.0018636051021654408
0.0,0.9974677702768444,0.002532229723155686
0.0,0.9999968302520961,3.1697479039669505e-06
0.0,0.9999962328397958,3.767160204198098e-06
0.0,0.9880334364975262,0.011966563502473639
0.0,0.9998101533049912,0.00018984669500873947
0.0,0.7780044815485248,0.22199551845147525
0.0,0.9822443847016559,0.01775561529834411
0.0,0.9985520928054448,0.001447907194555069
1.0,0.0038500213869898554,0.99614997861301
0.0,0.8677549901063639,0.132245009893636
0.0,0.9997648015235691,0.00023519847643092056
1.0,0.03427291961223913,0.9657270803877611
1.0,0.3849462484620034,0.6150537515379967
0.0,0.6978117280731478,0.30218827192685216
0.0,0.9995217316273938,0.000478268372606229
0.0,0.9999914861370949,8.513862905151484e-06
0.0,0.9999562188922724,4.3781107727563896e-05
1.0,0.4216059062945709,0.5783940937054289
0.0,0.9748687753075423,0.025131224692457637
0.0,0.9999964006228448,3.5993771550383414e-06
0.0,0.9927156629564118,0.007284337043588095
0.0,0.9998344139805498,0.00016558601945006386
0.0,0.7644641820103075,0.23553581798969253
1.0,1.0521018926192668e-05,0.9999894789810738
0.0,0.6859197042023456,0.3140802957976543
0.0,0.99990528685163,9.471314836993771e-05
0.0,0.8982211841832892,0.10177881581671071
0.0,0.9970594080228046,0.002940591977195398
1.0,9.432948715979096e-08,0.9999999056705128
0.0,0.5725952343650839,0.42740476563491614
0.0,0.9568564716963137,0.04314352830368625
0.0,0.967030075382483,0.03296992461751705
0.0,0.9996869537525264,0.00031304624747369663
1.0,0.006556083793041909,0.9934439162069584
0.0,0.9988316602285607,0.0011683397714393675
0.0,0.8788520560686919,0.12114794393130827
1.0,0.2544676351185987,0.7455323648814014
0.0,0.9756831290377262,0.024316870962273578
1.0,0.22111424161916116,0.7788857583808388
0.0,0.994572492949359,0.005427507050641078
1.0,0.003962991033421259,0.9960370089665788
1.0,7.769346677139303e-06,0.9999922306533229
0.0,0.9922933839217055,0.007706616078294405
0.0,0.9999571854666512,4.28145333488057e-05
0.0,0.9998944143169084,0.00010558568309161291
0.0,0.9932492849366132,0.0067507150633868895
0.0,0.9988103060009941,0.0011896939990059048
1.0,0.43025200650789763,0.5697479934921025
1.0,0.015429569301383339,0.9845704306986165
1.0,0.03573234549368866,0.9642676545063111
0.0,0.7841984628192646,0.2158015371807351
1.0,0.0467184930724554,0.9532815069275445
0.0,0.9812563639570806,0.01874363604291959
1.0,0.04534157661284831,0.9546584233871517
1.0,0.3077501436709435,0.6922498563290566
0.0,0.6272707800429999,0.37272921995700015
0.0,0.8678874802118387,0.13211251978816102
1.0,0.06185805883108235,0.9381419411689177
1.0,0.09320321714223555,0.9067967828577643
1.0,6.388636184864919e-08,0.9999999361136382
0.0,0.9298163398394178,0.07018366016058224
1.0,0.35087741861279537,0.6491225813872047
1.0,0.5,0.5
1.0,0.030507311201161454,0.9694926887988385
0.0,0.9965434630804139,0.0034565369195862093
0.0,0.9999876161544884,1.2383845511732966e-05
0.0,0.999992577232147,7.422767853027251e-06
0.0,0.9991880389079519,0.0008119610920480866
0.0,0.9999958289307818,4.171069218316716e-06
0.0,0.9999951586832777,4.841316722263265e-06
0.0,0.9406697307182518,0.05933026928174831
0.0,0.999941199297979,5.8800702020882343e-05
0.0,0.9986696516394956,0.001330348360504397
0.0,0.9961869421585552,0.0038130578414449228
0.0,0.9990742816578176,0.0009257183421824605
1.0,0.481434770717782,0.5185652292822182
1.0,1.1011030479801555e-07,0.9999998898896952
1.0,4.383496382579714e-10,0.9999999995616503
1.0,1.468909230850571e-10,0.9999999998531091
1.0,1.0022246607925302e-09,0.9999999989977754
1.0,2.7858377620619246e-09,0.9999999972141623
1.0,5.838479124888869e-06,0.9999941615208752
0.0,0.9950555440139258,0.004944455986074226
0.0,0.9999633532944399,3.664670556006108e-05
0.0,0.999997473742039,2.5262579611426714e-06
1.0,0.4495405852966526,0.5504594147033476
0.0,0.98591786473709,0.014082135262910056
1.0,2.030108692605386e-06,0.9999979698913075
0.0,0.9598343899396103,0.0401656100603896
1.0,0.01341643217367278,0.9865835678263272
0.0,0.91828292548536,0.08171707451463998
0.0,0.9779339211698234,0.02206607883017663
0.0,0.9737719188596567,0.026228081140343352
0.0,0.9997404222455445,0.0002595777544554249
0.0,0.9999850322924564,1.4967707543509173e-05
0.0,0.9993545424595532,0.0006454575404467681
0.0,0.9828970627295724,0.017102937270427485
0.0,0.6206441948308895,0.37935580516911066
1.0,0.29867017146249397,0.701329828537506
0.0,0.9973140789328931,0.0026859210671068574
1.0,0.39570296725813275,0.6042970327418672
1.0,0.039298009620558155,0.960701990379442
0.0,0.917011783045742,0.08298821695425808
0.0,0.9989684872878808,0.0010315127121192347
0.0,0.9995864823498358,0.0004135176501643064
0.0,0.9933772906550961,0.006622709344904058
1.0,0.10206179173466945,0.8979382082653307
0.0,0.9165959837362277,0.08340401626377221
1.0,0.02256978362343884,0.9774302163765609
0.0,0.9059191788979436,0.09408082110205644
1.0,0.3899153224441571,0.6100846775558428
0.0,0.991095644060338,0.00890435593966198
0.0,0.9595309622861299,0.04046903771387004
0.0,0.9992869089225797,0.0007130910774204609
0.0,0.6363327519688561,0.36366724803114386
0.0,0.7548764331454858,0.24512356685451422
1.0,1.609682746695531e-06,0.9999983903172532
1.0,0.004617097338019093,0.9953829026619809
1.0,0.009339827164328126,0.9906601728356719
1.0,0.024852479759473585,0.9751475202405263
1.0,0.003576574232604553,0.9964234257673952
0.0,0.748183036506077,0.25181696349392285
0.0,0.9999366598452454,6.33401547546041e-05
0.0,0.9999889553072305,1.104469276941736e-05
0.0,0.9999988214827551,1.178517244908214e-06
0.0,0.9995725630274089,0.00042743697259103376
0.0,0.9995534725348206,0.00044652746517947844
0.0,0.9918287513273163,0.008171248672683708
0.0,0.9927153722229041,0.007284627777095794
1.0,7.468670250350317e-07,0.999999253132975
1.0,0.27471711677771943,0.7252828832222808
1.0,0.010218626410646135,0.9897813735893539
1.0,0.00593182222391518,0.9940681777760847
1.0,0.17099589607791396,0.829004103922086
0.0,0.988188685781535,0.011811314218465088
1.0,0.00320704114349839,0.9967929588565015
1.0,0.008046603928486615,0.9919533960715134
0.0,0.9691691924585413,0.03083080754145874
0.0,0.9992637400443946,0.0007362599556055478
0.0,0.9995804505669218,0.0004195494330782393
0.0,0.5988832619384988,0.4011167380615013
0.0,0.9949637170834809,0.005036282916519182
0.0,0.9993384328744002,0.000661567125599869
0.0,0.9980576206150414,0.0019423793849585222
1.0,0.07210421528613158,0.9278957847138686
1.0,0.4046648352705395,0.5953351647294607
0.0,0.9692877449519405,0.030712255048059533
0.0,0.9996021514083506,0.000397848591649368
1.0,0.003143545425067263,0.9968564545749327
0.0,0.93855192528507,0.061448074714929905
1.0,0.0988544858114439,0.9011455141885559
0.0,0.9784075473688327,0.021592452631167287
0.0,0.7581540096825875,0.24184599031741244
1.0,0.0180187518223801,0.9819812481776199
1.0,0.17813386309341758,0.8218661369065824
1.0,0.0752511992184728,0.9247488007815272
1.0,2.649672325968511e-07,0.9999997350327673
0.0,0.8212867773756206,0.17871322262437953
1.0,0.23379389732943362,0.7662061026705665
0.0,0.9342445658342314,0.06575543416576857
1.0,0.16064542145602018,0.83935457854398
1.0,0.07521369499432642,0.9247863050056735
0.0,0.6850045823934682,0.3149954176065319
0.0,0.9398144926991205,0.060185507300879335
0.0,0.971004691538094,0.028995308461906052
1.0,0.005956265419257084,0.994043734580743
0.0,0.6266512970083129,0.37334870299168715
0.0,0.9991885336287306,0.0008114663712694731
0.0,0.9995508575494286,0.00044914245057135456
0.0,0.9982760288122682,0.0017239711877319354
1.0,0.10215267128553648,0.8978473287144636
1.0,0.19501250108233176,0.8049874989176682
0.0,0.8791777221584568,0.12082227784154317
0.0,0.7025875110044688,0.29741248899553124
1.0,0.4823736366054524,0.5176263633945475
1.0,0.4076681097066042,0.5923318902933958
0.0,0.9650630718041212,0.03493692819587882
1.0,0.09044751971349187,0.909552480286508
0.0,0.89895521600416,0.10104478399584003
0.0,0.9996916914672892,0.0003083085327107559
0.0,0.9959617026253358,0.004038297374664204
0.0,0.9998988766217249,0.00010112337827500136
1.0,0.00415213518100336,0.9958478648189967
0.0,0.9955575668964644,0.0044424331035356375
0.0,0.9999202575944878,7.974240551227783e-05
0.0,0.8884746578928273,0.1115253421071727
0.0,0.9241862038744638,0.07581379612553595
0.0,0.985809811448613,0.014190188551386916
0.0,0.9750993689232705,0.024900631076729365
0.0,0.9682784800442712,0.03172151995572874
1.0,0.01396266957884676,0.9860373304211533
0.0,0.9960416715221133,0.003958328477886614
0.0,0.9951499521188867,0.004850047881113335
0.0,0.985062746658151,0.014937253341849093
0.0,0.9998966352169273,0.00010336478307268417
0.0,0.9986136662460701,0.0013863337539299333
0.0,0.9984458969584402,0.0015541030415597158
1.0,0.0027179770255303104,0.9972820229744696
0.0,0.9810454001561474,0.018954599843852626
1.0,0.07431394169450624,0.9256860583054936
0.0,0.9999564141938928,4.358580610707373e-05
0.0,0.996923622316041,0.003076377683958999
0.0,0.9994711134799684,0.0005288865200317146
0.0,0.9745260333692963,0.02547396663070374
0.0,0.9972790850639995,0.0027209149360006043
0.0,0.9985677903586586,0.001432209641341374
0.0,0.9999876157462441,1.2384253755845428e-05
0.0,0.9954112168167691,0.0045887831832308705
0.0,0.9957279251328425,0.004272074867157623
0.0,0.9941253464984371,0.005874653501562891
0.0,0.997630455019285,0.0023695449807149853
0.0,0.9993969330314514,0.0006030669685487447
0.0,0.9998315734664017,0.0001684265335984367
0.0,0.9999814326253786,1.8567374621316353e-05
0.0,0.9995003533629678,0.000499646637032195
0.0,0.9999559183385461,4.408166145385218e-05
1.0,0.006550796738061918,0.9934492032619379
0.0,0.9999135767629507,8.642323704951776e-05
0.0,0.9810778900071443,0.018922109992855728
0.0,0.9965070595624796,0.003492940437520368
1.0,0.006659344421740807,0.9933406555782591
0.0,0.9999648917324238,3.5108267576181796e-05
0.0,0.902022134576214,0.09797786542378575
0.0,0.9997458136085824,0.00025418639141750805
0.0,0.974007204277909,0.025992795722091094
0.0,0.5979658362605714,0.4020341637394285
0.0,0.9596222913021047,0.040377708697895275
0.0,0.9993355675844314,0.0006644324155686356
0.0,0.9999789301923333,2.1069807666663473e-05
0.0,0.9979264998527085,0.002073500147291482
0.0,0.9996744743358957,0.000325525664104095
0.0,0.8958116583071748,0.10418834169282544
0.0,0.9258692112451719,0.07413078875482836
0.0,0.9983816377405033,0.0016183622594966047
1.0,0.07217630032304537,0.9278236996769544
1.0,0.010573549656808935,0.9894264503431911
0.0,0.9875720761867901,0.01242792381320999
0.0,0.9997373979172951,0.0002626020827050034
0.0,0.9964250642628422,0.003574935737157748
0.0,0.9997602775525468,0.00023972244745310448
0.0,0.7078163432281808,0.29218365677181896
0.0,0.9912365306697134,0.00876346933028661
0.0,0.9367976518254143,0.0632023481745855
0.0,0.6297342222024247,0.3702657777975753
1.0,0.09927263990941455,0.9007273600905855
1.0,0.4174581627410147,0.5825418372589853
1.0,0.5,0.5
0.0,0.9860940954037153,0.013905904596284838
1.0,0.4398671401777847,0.5601328598222153
0.0,0.9999080235638579,9.197643614214326e-05
0.0,0.8870836812915006,0.11291631870849946
0.0,0.9968537415049986,0.003146258495001416
0.0,0.8907531626869042,0.1092468373130959
0.0,0.6613429532054448,0.33865704679455516
0.0,0.9939949975008285,0.006005002499171518
0.0,0.9999411823723785,5.881762762143587e-05
0.0,0.9999917252015708,8.27479842923431e-06
0.0,0.8577434179656956,0.1422565820343044
0.0,0.9992956452241071,0.000704354775892781
0.0,0.9998969014852618,0.00010309851473811401
0.0,0.9999742297428414,2.577025715862354e-05
0.0,0.9999774622931787,2.253770682128762e-05
0.0,0.999709277719565,0.0002907222804349395
0.0,0.9999715107200825,2.8489279917422714e-05
0.0,0.8994863845087061,0.10051361549129399
0.0,0.6874673791260955,0.31253262087390427
1.0,0.004232223152944395,0.9957677768470556
0.0,0.9933757677084681,0.00662423229153201
1.0,0.15149449081277003,0.8485055091872299
0.0,0.9735402601708693,0.026459739829130722
1.0,0.007535011522433008,0.9924649884775668
0.0,0.9934222911252625,0.006577708874737595
0.0,0.9512363365473694,0.04876366345263062
0.0,0.9583598784572084,0.0416401215427916
0.0,0.5224015788682168,0.47759842113178325
0.0,0.8430515358197971,0.15694846418020286
0.0,0.9791216827001633,0.02087831729983675
0.0,0.6314000979524281,0.36859990204757176
0.0,0.9547679516985766,0.045232048301423376
0.0,0.9883973405204887,0.011602659479511387
0.0,0.9987526246598608,0.0012473753401392104
0.0,0.9979996657433652,0.0020003342566347173
0.0,0.9911520050872621,0.008847994912737947
0.0,0.9963555589978146,0.0036444410021855013
0.0,0.9925011031709586,0.007498896829041291
1.0,0.0632467938485314,0.9367532061514686
0.0,0.9953095540508639,0.004690445949136156
0.0,0.9999636176161463,3.638238385371616e-05
0.0,0.9996424260801977,0.00035757391980227165
0.0,0.9911685232578509,0.008831476742149326
1.0,2.954654169411228e-06,0.9999970453458306
0.0,0.9999860257046235,1.3974295376505067e-05
0.0,0.8975405248050765,0.10245947519492361
0.0,0.9993561441452263,0.0006438558547736555
0.0,0.7454932929926146,0.2545067070073855
0.0,0.9927136550985635,0.007286344901436647
1.0,0.47492300864986803,0.5250769913501319
1.0,0.006049112261201017,0.9939508877387989
1.0,0.21994810722383545,0.7800518927761646
1.0,0.05675598269904671,0.9432440173009534
1.0,0.045170742111679006,0.954829257888321
1.0,0.011727422533111343,0.9882725774668888
0.0,0.5754192059404905,0.42458079405950955
0.0,0.9813619040987905,0.01863809590120948
0.0,0.9993637886686089,0.0006362113313910526
0.0,0.9999973724042102,2.6275957899570624e-06
0.0,0.9946026273713957,0.005397372628604182
0.0,0.9929278805968721,0.007072119403127964
0.0,0.9988840571700534,0.0011159428299467632
0.0,0.9992090195349977,0.0007909804650022368
0.0,0.9989379618576537,0.0010620381423462214
0.0,0.8023300641224077,0.1976699358775921
1.0,0.2966594646268347,0.7033405353731653
0.0,0.9211351571895476,0.07886484281045243
1.0,8.134123237255114e-09,0.9999999918658767
1.0,0.025883849780162067,0.9741161502198379
1.0,0.43786979205536675,0.5621302079446334
0.0,0.9972305055525397,0.0027694944474602814
1.0,0.13111095125316222,0.8688890487468375
1.0,0.02203501137531063,0.9779649886246893
1.0,0.5062940468806585,0.4937059531193415
0.0,0.9777736221777243,0.022226377822275704
0.0,0.867669627045592,0.13233037295440805
0.0,0.968725949257019,0.031274050742980924
0.0,0.996868224283363,0.003131775716636966
0.0,0.6328404236858237,0.3671595763141763
0.0,0.9992735582388549,0.0007264417611450048
1.0,0.4716515807678505,0.5283484192321496
0.0,0.8710306857275135,0.12896931427248656
0.0,0.9965773051857953,0.003422694814204566
0.0,0.9999649409259851,3.505907401494972e-05
0.0,0.9989104257426938,0.001089574257306269
0.0,0.6185578913288202,0.38144210867117967
0.0,0.9878859155664815,0.012114084433518555
0.0,0.9985293361617721,0.0014706638382278798
0.0,0.9999867702698594,1.3229730140480238e-05
0.0,0.7925612955785988,0.20743870442140097
0.0,0.9860833133584945,0.013916686641505579
0.0,0.7105535201005782,0.289446479899422
0.0,0.999986938233957,1.3061766042923838e-05
0.0,0.9032075894129021,0.09679241058709788
0.0,0.9527718057848532,0.04722819421514693
1.0,0.3437188543874183,0.6562811456125817
1.0,0.360217561709685,0.639782438290315
0.0,0.999966570429457,3.342957054301641e-05
0.0,0.6478262350486413,0.3521737649513586
0.0,0.9776476740531576,0.02235232594684237
0.0,0.9999788741181144,2.112588188557619e-05
0.0,0.9413576287795884,0.058642371220411674
0.0,0.9985990666963669,0.001400933303633065
0.0,0.9956073947553784,0.004392605244621729
0.0,0.5982343527028511,0.401765647297149
0.0,0.9932925910432313,0.006707408956768757
0.0,0.9991625625745866,0.0008374374254135186
0.0,0.9985015456029371,0.001498454397062942
0.0,0.9998235561757592,0.00017644382424077828
0.0,0.9998230799686922,0.00017692003130774384
0.0,0.624887768266925,0.37511223173307506
0.0,0.9999094783585631,9.052164143694716e-05
1.0,0.019661287537429642,0.9803387124625704
0.0,0.9773521163323483,0.02264788366765188
0.0,0.9893124704817623,0.010687529518237555
0.0,0.9386672582848132,0.061332741715186594
1.0,0.48541909034830993,0.5145809096516901
0.0,0.5230502893841287,0.47694971061587127
0.0,0.9966849359474153,0.0033150640525847776
0.0,0.9980881721667227,0.0019118278332771901
0.0,0.9996573906454846,0.00034260935451533176
0.0,0.9999883036701533,1.169632984661146e-05
0.0,0.9981813703417822,0.0018186296582178255
0.0,0.7815695751394441,0.2184304248605559
1.0,0.02302503120010662,0.9769749687998934
1.0,0.2452998773180597,0.7547001226819405
0.0,0.9650759870042912,0.034924012995708895
0.0,0.9994601297891477,0.000539870210852223
